SET SQL_MODE = "NO_AUTO_VALUE_ON_ZERO";
SET time_zone = "-5:00";
CREATE TABLE IF NOT EXISTS `actividad` (
  `id_actividad` int(11) NOT NULL AUTO_INCREMENT,
  `id_asignacion` int(10) NOT NULL,
  `fecha_publicacion` date NOT NULL,
  `hora_publicacion` time NOT NULL,
  `id_red` int(11) DEFAULT NULL,
  `nombre_actividad` varchar(120) COLLATE utf8_bin NOT NULL,
  `Observaciones` text COLLATE utf8_bin NOT NULL,
  `adjunto` varchar(2) COLLATE utf8_bin NOT NULL,
  `evaluable` varchar(2) COLLATE utf8_bin NOT NULL,
  `fecha_entrega` date NOT NULL,
  `hora_entrega` varchar(30) COLLATE utf8_bin NOT NULL,
  `periodo` int(1) NOT NULL,
  `visible` varchar(2) COLLATE utf8_bin NOT NULL DEFAULT 'SI',
  `cuestionario` varchar(2) COLLATE utf8_bin DEFAULT 'NO',
  `id_cuestionario` int(11) DEFAULT NULL,
  `foro` varchar(2) COLLATE utf8_bin NOT NULL DEFAULT 'SI',
  `id_foro` int(11) DEFAULT NULL,
  PRIMARY KEY (`id_actividad`),
  KEY `id_asignacion_academica` (`id_asignacion`),
  KEY `id_red` (`id_red`),
  KEY `id_cuestionario` (`id_cuestionario`)
) ENGINE=InnoDB DEFAULT CHARSET=utf8 COLLATE=utf8_bin AUTO_INCREMENT=1 ;
CREATE TABLE IF NOT EXISTS `acudiente_estudiante` (
  `id_acudiente_estudiante` int(11) NOT NULL AUTO_INCREMENT,
  `id_acudiente` varchar(12) COLLATE utf8_bin NOT NULL,
  `id_estudiante` varchar(12) COLLATE utf8_bin NOT NULL,
  PRIMARY KEY (`id_estudiante`,`id_acudiente`),
  UNIQUE KEY `id_acudiente_estudiante` (`id_acudiente_estudiante`),
  KEY `id_acudiente` (`id_acudiente`,`id_estudiante`)
) ENGINE=InnoDB  DEFAULT CHARSET=utf8 COLLATE=utf8_bin COMMENT='Asociación de acudiente con estudiante' AUTO_INCREMENT=146 ;
CREATE TABLE IF NOT EXISTS `ano_lectivo` (
  `id_ano_lectivo` int(11) NOT NULL AUTO_INCREMENT,
  `nombre_ano_lectivo` varchar(255) COLLATE utf8_bin NOT NULL,
  `estado` enum('Activo','Inactivo') COLLATE utf8_bin NOT NULL DEFAULT 'Inactivo',
  PRIMARY KEY (`id_ano_lectivo`),
  UNIQUE KEY `nombre_ano_lectivo` (`nombre_ano_lectivo`)
) ENGINE=InnoDB DEFAULT CHARSET=utf8 COLLATE=utf8_bin AUTO_INCREMENT=1 ;
CREATE TABLE IF NOT EXISTS `area` (
  `id_area` int(11) NOT NULL AUTO_INCREMENT,
  `nombre_area` varchar(255) COLLATE utf8_bin NOT NULL,
  PRIMARY KEY (`id_area`)
) ENGINE=InnoDB  DEFAULT CHARSET=utf8 COLLATE=utf8_bin AUTO_INCREMENT=10 ;
INSERT INTO `area` (`id_area`, `nombre_area`) VALUES
(1, 'Ciencias naturales y educación ambiental'),
(2, 'Ciencias sociales, historia, geografía, constitución política y democracia'),
(3, 'Educación artística'),
(4, 'Educación ética y en valores humanos'),
(5, 'Educación física, recreación y deportes'),
(6, 'Educación religiosa'),
(7, 'Humanidades, lengua castellana e idiomas extranjeros'),
(8, 'Matemáticas'),
(9, 'Tecnología e informática');
CREATE TABLE IF NOT EXISTS `asignacion_academica` (
  `id_asignacion` int(10) NOT NULL AUTO_INCREMENT,
  `id_materia` int(10) NOT NULL,
  `descripcion` varchar(120) COLLATE utf8_bin NOT NULL,
  `id_docente` varchar(12) COLLATE utf8_bin DEFAULT NULL,
  `id_categoria_curso` int(11) NOT NULL,
  `ano_lectivo` int(11) NOT NULL,
  `visible` varchar(2) COLLATE utf8_bin NOT NULL DEFAULT 'SI',
  `portada_asignacion` varchar(255) COLLATE utf8_bin NOT NULL,
  PRIMARY KEY (`id_asignacion`),
  KEY `id_asignacion` (`id_asignacion`),
  KEY `id_materia` (`id_materia`),
  KEY `id_docente` (`id_docente`),
  KEY `id_materia_2` (`id_materia`),
  KEY `id_categoria_curso` (`id_categoria_curso`),
  KEY `ano_lectivo` (`ano_lectivo`)
) ENGINE=InnoDB DEFAULT CHARSET=utf8 COLLATE=utf8_bin AUTO_INCREMENT=1 ;
CREATE TABLE IF NOT EXISTS `categoria_curso` (
  `id_categoria_curso` int(11) NOT NULL AUTO_INCREMENT,
  `nombre_categoria_curso` varchar(120) COLLATE utf8_bin NOT NULL,
  `descripcion_categoria_curso` varchar(255) COLLATE utf8_bin NOT NULL,
  `nivel_educativo` int(1) NOT NULL,
  PRIMARY KEY (`id_categoria_curso`),
  UNIQUE KEY `nombre_categoria_curso` (`nombre_categoria_curso`)
) ENGINE=InnoDB  DEFAULT CHARSET=utf8 COLLATE=utf8_bin AUTO_INCREMENT=59 ;
CREATE TABLE IF NOT EXISTS `comentario` (
  `id_comentario` int(11) NOT NULL AUTO_INCREMENT,
  `id_entrada` int(11) NOT NULL,
  `fecha` timestamp NOT NULL DEFAULT CURRENT_TIMESTAMP,
  `contenido` text COLLATE utf8_bin NOT NULL,
  `usuario` varchar(12) COLLATE utf8_bin NOT NULL,
  `estrellas` text COLLATE utf8_bin NOT NULL,
  `rol_quien_comenta` varchar(255) COLLATE utf8_bin NOT NULL,
  `estado` varchar(255) COLLATE utf8_bin NOT NULL,
  PRIMARY KEY (`id_comentario`),
  KEY `usuario` (`usuario`),
  KEY `id_entrada` (`id_entrada`)
) ENGINE=InnoDB  DEFAULT CHARSET=utf8 COLLATE=utf8_bin AUTO_INCREMENT=3 ;
CREATE TABLE IF NOT EXISTS `config` (
  `id_config` int(11) NOT NULL AUTO_INCREMENT,
  `nombre_institucion` varchar(255) COLLATE utf8_bin NOT NULL,
  `logo_institucion` varchar(255) COLLATE utf8_bin NOT NULL,
  `formatos_no_permitidos` text COLLATE utf8_bin NOT NULL COMMENT 'separado por comas ,',
  `tamano_maximo_adjunto` int(11) NOT NULL COMMENT 'en kilobytes',
  `autoregistrarse` text COLLATE utf8_bin NOT NULL COMMENT 'separado por comas ,',
  `zona_horaria` varchar(255) COLLATE utf8_bin NOT NULL,
  PRIMARY KEY (`id_config`)
) ENGINE=InnoDB DEFAULT CHARSET=utf8 COLLATE=utf8_bin AUTO_INCREMENT=1 ;
CREATE TABLE IF NOT EXISTS `cuestionario` (
  `id` int(11) NOT NULL AUTO_INCREMENT,
  `nombre` varchar(255) COLLATE utf8_bin NOT NULL,
  `fecha` date NOT NULL,
  `tipo_cuestionario` varchar(255) COLLATE utf8_bin NOT NULL,
  `usuario` varchar(12) COLLATE utf8_bin NOT NULL,
  `estrellas` text COLLATE utf8_bin,
  `visitas` bigint(20) NOT NULL,
  PRIMARY KEY (`id`),
  KEY `tipo_encuesta` (`tipo_cuestionario`),
  KEY `usuario` (`usuario`)
) ENGINE=InnoDB DEFAULT CHARSET=utf8 COLLATE=utf8_bin AUTO_INCREMENT=1 ;
CREATE TABLE IF NOT EXISTS `entrada` (
  `id` int(11) NOT NULL AUTO_INCREMENT,
  `contenido` text CHARACTER SET utf8 COLLATE utf8_bin NOT NULL,
  `rol_quien_comenta` varchar(255) CHARACTER SET utf8 COLLATE utf8_bin NOT NULL,
  `fecha` datetime DEFAULT NULL,
  `grupo` int(11) NOT NULL,
  `usuario` varchar(12) CHARACTER SET utf8 COLLATE utf8_bin NOT NULL,
  `estrellas` text CHARACTER SET utf8 COLLATE utf8_bin NOT NULL,
  `visitas` text CHARACTER SET utf8 COLLATE utf8_bin NOT NULL,
  `suscribirse` text CHARACTER SET utf8 COLLATE utf8_bin NOT NULL,
  `estado` enum('Publicado','Desactivado') CHARACTER SET utf8 COLLATE utf8_bin NOT NULL,
  `permitir_comentarios` varchar(2) CHARACTER SET utf8 COLLATE utf8_bin NOT NULL DEFAULT 'SI',
  PRIMARY KEY (`id`),
  KEY `autor` (`usuario`),
  KEY `grupo` (`grupo`)
) ENGINE=InnoDB DEFAULT CHARSET=utf8 AUTO_INCREMENT=1 ;
CREATE TABLE IF NOT EXISTS `eventos` (
  `id` int(11) NOT NULL AUTO_INCREMENT,
  `nom` varchar(255) COLLATE utf8_bin NOT NULL,
  `descripcion` text COLLATE utf8_bin NOT NULL,
  `fecha` date NOT NULL,
  `hora_inicio` time NOT NULL,
  `hora_fin` time NOT NULL,
  `id_usuario` varchar(12) COLLATE utf8_bin NOT NULL,
  PRIMARY KEY (`id`),
  KEY `id_usuario` (`id_usuario`),
  KEY `id_usuario_2` (`id_usuario`)
) ENGINE=InnoDB DEFAULT CHARSET=utf8 COLLATE=utf8_bin AUTO_INCREMENT=1 ;
CREATE TABLE IF NOT EXISTS `figuras` (
  `id_figuras` int(8) NOT NULL AUTO_INCREMENT,
  `figura` varchar(120) COLLATE utf8_bin NOT NULL,
  `imagen_figura` varchar(120) COLLATE utf8_bin NOT NULL,
  PRIMARY KEY (`id_figuras`),
  UNIQUE KEY `figura` (`figura`)
) ENGINE=InnoDB  DEFAULT CHARSET=utf8 COLLATE=utf8_bin AUTO_INCREMENT=6 ;
INSERT INTO `figuras` (`id_figuras`, `figura`, `imagen_figura`) VALUES
(1, 'perro', 'perro.PNG'),
(2, 'gato', 'gato.PNG'),
(3, 'caballo', 'caballo.PNG'),
(4, 'conejo', 'conejo.PNG'),
(5, 'pato', 'pato.PNG');
CREATE TABLE IF NOT EXISTS `grupo_foro` (
  `id_grupo_foro` int(11) NOT NULL AUTO_INCREMENT,
  `nombre_grupo` varchar(255) COLLATE utf8_bin NOT NULL,
  `roles_grupo` varchar(255) COLLATE utf8_bin NOT NULL,
  `contexto` varchar(255) COLLATE utf8_bin NOT NULL,
  `valor` int(11) DEFAULT NULL,
  `permitir_temas` varchar(2) COLLATE utf8_bin NOT NULL DEFAULT 'SI',
  `icono` int(11) NOT NULL,
  PRIMARY KEY (`id_grupo_foro`),
  KEY `icono` (`icono`)
) ENGINE=InnoDB  DEFAULT CHARSET=utf8 COLLATE=utf8_bin AUTO_INCREMENT=5 ;
INSERT INTO `grupo_foro` (`id_grupo_foro`, `nombre_grupo`, `roles_grupo`, `contexto`, `valor`, `permitir_temas`, `icono`) VALUES
(1, 'Institucional', 'admin,docente,estudiante,acudiente', 'general', NULL, 'SI', 463),
(2, 'Docentes', 'docente', 'general', NULL, 'SI', 464),
(3, 'Acudientes', 'docente,acudiente', 'general', NULL, 'SI', 464),
(4, 'Estudiantes', 'docente,estudiante', 'general', NULL, 'SI', 464);
CREATE TABLE IF NOT EXISTS `iconos` (
  `id_iconos` int(8) NOT NULL AUTO_INCREMENT,
  `icono` varchar(120) COLLATE utf8_bin NOT NULL,
  `imagen_icono` varchar(120) COLLATE utf8_bin NOT NULL,
  PRIMARY KEY (`id_iconos`),
  UNIQUE KEY `icono` (`icono`)
) ENGINE=InnoDB  DEFAULT CHARSET=utf8 COLLATE=utf8_bin AUTO_INCREMENT=467 ;
INSERT INTO `iconos` (`id_iconos`, `icono`, `imagen_icono`) VALUES
(1, 'add-2', 'add-2.png'),
(2, 'add-3', 'add-3.png'),
(3, 'add', 'add.png'),
(4, 'adicionar', 'adicionar.png'),
(5, 'agenda', 'agenda.png'),
(6, 'alarm-1', 'alarm-1.png'),
(7, 'alarm-clock-1', 'alarm-clock-1.png'),
(8, 'alarm-clock', 'alarm-clock.png'),
(9, 'alarm', 'alarm.png'),
(10, 'albums', 'albums.png'),
(11, 'app', 'app.png'),
(12, 'apple', 'apple.png'),
(13, 'archive-1', 'archive-1.png'),
(14, 'archive-2', 'archive-2.png'),
(15, 'archive-3', 'archive-3.png'),
(16, 'archive', 'archive.png'),
(17, 'attachment', 'attachment.png'),
(18, 'audio', 'audio.png'),
(19, 'audiobook-1', 'audiobook-1.png'),
(20, 'audiobook', 'audiobook.png'),
(21, 'back', 'back.png'),
(22, 'battery-1', 'battery-1.png'),
(23, 'battery-2', 'battery-2.png'),
(24, 'battery-3', 'battery-3.png'),
(25, 'battery-4', 'battery-4.png'),
(26, 'battery-5', 'battery-5.png'),
(27, 'battery-6', 'battery-6.png'),
(28, 'battery-7', 'battery-7.png'),
(29, 'battery-8', 'battery-8.png'),
(30, 'battery-9', 'battery-9.png'),
(31, 'battery', 'battery.png'),
(32, 'binoculars', 'binoculars.png'),
(33, 'blueprint', 'blueprint.png'),
(34, 'bluetooth-1', 'bluetooth-1.png'),
(35, 'bluetooth', 'bluetooth.png'),
(36, 'book', 'book.png'),
(37, 'bookmark-1', 'bookmark-1.png'),
(38, 'bookmark', 'bookmark.png'),
(39, 'briefcase', 'briefcase.png'),
(40, 'broken-link', 'broken-link.png'),
(41, 'browser-1', 'browser-1.png'),
(42, 'browser-2', 'browser-2.png'),
(43, 'browser', 'browser.png'),
(44, 'calculator-1', 'calculator-1.png'),
(45, 'calculator', 'calculator.png'),
(46, 'calendar-1', 'calendar-1.png'),
(47, 'calendar-2', 'calendar-2.png'),
(48, 'calendar-3', 'calendar-3.png'),
(49, 'calendar-4', 'calendar-4.png'),
(50, 'calendar-5', 'calendar-5.png'),
(51, 'calendar-6', 'calendar-6.png'),
(52, 'calendar-7', 'calendar-7.png'),
(53, 'calendar', 'calendar.png'),
(54, 'certificate', 'certificate.png'),
(55, 'chat-7', 'chat-7.png'),
(56, 'chat-8', 'chat-8.png'),
(57, 'chat', 'chat.png'),
(58, 'checked-1', 'checked-1.png'),
(59, 'checked', 'checked.png'),
(60, 'chemistry', 'chemistry.png'),
(61, 'chip', 'chip.png'),
(62, 'clock-1', 'clock-1.png'),
(63, 'clock', 'clock.png'),
(64, 'close', 'close.png'),
(65, 'cloud-computing-1', 'cloud-computing-1.png'),
(66, 'cloud-computing-2', 'cloud-computing-2.png'),
(67, 'cloud-computing-3', 'cloud-computing-3.png'),
(68, 'cloud-computing-4', 'cloud-computing-4.png'),
(69, 'cloud-computing-5', 'cloud-computing-5.png'),
(70, 'cloud-computing', 'cloud-computing.png'),
(71, 'cloud', 'cloud.png'),
(72, 'code', 'code.png'),
(73, 'command', 'command.png'),
(74, 'compact-disc-1', 'compact-disc-1.png'),
(75, 'compact-disc-2', 'compact-disc-2.png'),
(76, 'compact-disc', 'compact-disc.png'),
(77, 'compass', 'compass.png'),
(78, 'compose', 'compose.png'),
(79, 'controls-1', 'controls-1.png'),
(80, 'controls-2', 'controls-2.png'),
(81, 'controls-3', 'controls-3.png'),
(82, 'controls-4', 'controls-4.png'),
(83, 'controls-5', 'controls-5.png'),
(84, 'controls-6', 'controls-6.png'),
(85, 'controls-7', 'controls-7.png'),
(86, 'controls-8', 'controls-8.png'),
(87, 'controls-9', 'controls-9.png'),
(88, 'controls', 'controls.png'),
(89, 'crm', 'crm.png'),
(90, 'database-1', 'database-1.png'),
(91, 'database-2', 'database-2.png'),
(92, 'database-3', 'database-3.png'),
(93, 'database', 'database.png'),
(94, 'design', 'design.png'),
(95, 'desk', 'desk.png'),
(96, 'desktop', 'desktop.png'),
(97, 'diamond', 'diamond.png'),
(98, 'diploma', 'diploma.png'),
(99, 'dislike-1', 'dislike-1.png'),
(100, 'dislike', 'dislike.png'),
(101, 'divide-1', 'divide-1.png'),
(102, 'divide', 'divide.png'),
(103, 'division', 'division.png'),
(104, 'doc', 'doc.png'),
(105, 'document', 'document.png'),
(106, 'download', 'download.png'),
(107, 'earth-globe', 'earth-globe.png'),
(108, 'ebook-1', 'ebook-1.png'),
(109, 'ebook-2', 'ebook-2.png'),
(110, 'ebook-3', 'ebook-3.png'),
(111, 'ebook', 'ebook.png'),
(112, 'edit-1', 'edit-1.png'),
(113, 'edit', 'edit.png'),
(114, 'eject-1', 'eject-1.png'),
(115, 'eject', 'eject.png'),
(116, 'emoji-cuy-risas', 'emoji-cuy-risas.png'),
(117, 'equal-1', 'equal-1.png'),
(118, 'equal-2', 'equal-2.png'),
(119, 'equal', 'equal.png'),
(120, 'ereader', 'ereader.png'),
(121, 'error', 'error.png'),
(122, 'exam', 'exam.png'),
(123, 'exit-1', 'exit-1.png'),
(124, 'exit-2', 'exit-2.png'),
(125, 'exit', 'exit.png'),
(126, 'eyeglasses', 'eyeglasses.png'),
(127, 'fast-forward-1', 'fast-forward-1.png'),
(128, 'fast-forward', 'fast-forward.png'),
(129, 'fax', 'fax.png'),
(130, 'file-1', 'file-1.png'),
(131, 'file-2', 'file-2.png'),
(132, 'file', 'file.png'),
(133, 'film', 'film.png'),
(134, 'fingerprint', 'fingerprint.png'),
(135, 'flag-1', 'flag-1.png'),
(136, 'flag-2', 'flag-2.png'),
(137, 'flag-3', 'flag-3.png'),
(138, 'flag-4', 'flag-4.png'),
(139, 'flag', 'flag.png'),
(140, 'focus', 'focus.png'),
(141, 'folder-1', 'folder-1.png'),
(142, 'folder-10', 'folder-10.png'),
(143, 'folder-11', 'folder-11.png'),
(144, 'folder-12', 'folder-12.png'),
(145, 'folder-13', 'folder-13.png'),
(146, 'folder-14', 'folder-14.png'),
(147, 'folder-15', 'folder-15.png'),
(148, 'folder-16', 'folder-16.png'),
(149, 'folder-17', 'folder-17.png'),
(150, 'folder-18', 'folder-18.png'),
(151, 'folder-19', 'folder-19.png'),
(152, 'folder-2', 'folder-2.png'),
(153, 'folder-3', 'folder-3.png'),
(154, 'folder-4', 'folder-4.png'),
(155, 'folder-5', 'folder-5.png'),
(156, 'folder-6', 'folder-6.png'),
(157, 'folder-7', 'folder-7.png'),
(158, 'folder-8', 'folder-8.png'),
(159, 'folder-9', 'folder-9.png'),
(160, 'folder', 'folder.png'),
(161, 'forbidden', 'forbidden.png'),
(162, 'foro', 'foro.png'),
(163, 'funnel', 'funnel.png'),
(164, 'garbage-1', 'garbage-1.png'),
(165, 'garbage-2', 'garbage-2.png'),
(166, 'garbage', 'garbage.png'),
(167, 'geography', 'geography.png'),
(168, 'gift', 'gift.png'),
(169, 'google-glasses', 'google-glasses.png'),
(170, 'help', 'help.png'),
(171, 'hide', 'hide.png'),
(172, 'hold', 'hold.png'),
(173, 'home-1', 'home-1.png'),
(174, 'home-2', 'home-2.png'),
(175, 'home', 'home.png'),
(176, 'homework', 'homework.png'),
(177, 'hourglass-1', 'hourglass-1.png'),
(178, 'hourglass-2', 'hourglass-2.png'),
(179, 'hourglass-3', 'hourglass-3.png'),
(180, 'hourglass', 'hourglass.png'),
(181, 'house', 'house.png'),
(182, 'id-card-1', 'id-card-1.png'),
(183, 'id-card-2', 'id-card-2.png'),
(184, 'id-card-3', 'id-card-3.png'),
(185, 'id-card-4', 'id-card-4.png'),
(186, 'id-card-5', 'id-card-5.png'),
(187, 'id-card', 'id-card.png'),
(188, 'idea', 'idea.png'),
(189, 'image', 'image.png'),
(190, 'incoming', 'incoming.png'),
(191, 'infinity', 'infinity.png'),
(192, 'info', 'info.png'),
(193, 'information', 'information.png'),
(194, 'internet', 'internet.png'),
(195, 'key', 'key.png'),
(196, 'keyboard', 'keyboard.png'),
(197, 'lamp', 'lamp.png'),
(198, 'laptop', 'laptop.png'),
(199, 'layers-1', 'layers-1.png'),
(200, 'layers', 'layers.png'),
(201, 'learning-1', 'learning-1.png'),
(202, 'learning-2', 'learning-2.png'),
(203, 'learning', 'learning.png'),
(204, 'lecture', 'lecture.png'),
(205, 'library', 'library.png'),
(206, 'like-1', 'like-1.png'),
(207, 'like-2', 'like-2.png'),
(208, 'like', 'like.png'),
(209, 'line-15-icons', 'line-15-icons.png'),
(210, 'link', 'link.png'),
(211, 'list-1', 'list-1.png'),
(212, 'list-15', 'list-15.png'),
(213, 'list', 'list.png'),
(214, 'listening', 'listening.png'),
(215, 'lock-1', 'lock-1.png'),
(216, 'lock', 'lock.png'),
(217, 'locked-1', 'locked-1.png'),
(218, 'locked-2', 'locked-2.png'),
(219, 'locked-3', 'locked-3.png'),
(220, 'locked-4', 'locked-4.png'),
(221, 'locked-5', 'locked-5.png'),
(222, 'locked-6', 'locked-6.png'),
(223, 'locked', 'locked.png'),
(224, 'login', 'login.png'),
(225, 'magic-wand', 'magic-wand.png'),
(226, 'magnet-1', 'magnet-1.png'),
(227, 'magnet-2', 'magnet-2.png'),
(228, 'magnet', 'magnet.png'),
(229, 'map-1', 'map-1.png'),
(230, 'map-2', 'map-2.png'),
(231, 'map-location', 'map-location.png'),
(232, 'map', 'map.png'),
(233, 'medal', 'medal.png'),
(234, 'megaphone-1', 'megaphone-1.png'),
(235, 'megaphone', 'megaphone.png'),
(236, 'mensaje', 'mensaje.png'),
(237, 'menu-1', 'menu-1.png'),
(238, 'menu-2', 'menu-2.png'),
(239, 'menu-3', 'menu-3.png'),
(240, 'menu-4', 'menu-4.png'),
(241, 'menu', 'menu.png'),
(242, 'microphone-1', 'microphone-1.png'),
(243, 'microphone', 'microphone.png'),
(244, 'minus-1', 'minus-1.png'),
(245, 'minus', 'minus.png'),
(246, 'mkv', 'mkv.png'),
(247, 'moneda', 'moneda.png'),
(248, 'more-1', 'more-1.png'),
(249, 'more-2', 'more-2.png'),
(250, 'more', 'more.png'),
(251, 'mortarboard', 'mortarboard.png'),
(252, 'mouse', 'mouse.png'),
(253, 'mp3', 'mp3.png'),
(254, 'multiply-1', 'multiply-1.png'),
(255, 'multiply', 'multiply.png'),
(256, 'music-player-1', 'music-player-1.png'),
(257, 'music-player-2', 'music-player-2.png'),
(258, 'music-player-3', 'music-player-3.png'),
(259, 'music-player', 'music-player.png'),
(260, 'mute', 'mute.png'),
(261, 'muted', 'muted.png'),
(262, 'navigation-1', 'navigation-1.png'),
(263, 'navigation', 'navigation.png'),
(264, 'network', 'network.png'),
(265, 'newspaper', 'newspaper.png'),
(266, 'next', 'next.png'),
(267, 'note', 'note.png'),
(268, 'notebook-1', 'notebook-1.png'),
(269, 'notebook-2', 'notebook-2.png'),
(270, 'notebook-3', 'notebook-3.png'),
(271, 'notebook-4', 'notebook-4.png'),
(272, 'notebook-5', 'notebook-5.png'),
(273, 'notebook', 'notebook.png'),
(274, 'notepad-1', 'notepad-1.png'),
(275, 'notepad-2', 'notepad-2.png'),
(276, 'notepad', 'notepad.png'),
(277, 'notes', 'notes.png'),
(278, 'notification', 'notification.png'),
(279, 'open-book', 'open-book.png'),
(280, 'paper-plane-1', 'paper-plane-1.png'),
(281, 'paper-plane', 'paper-plane.png'),
(282, 'pause-1', 'pause-1.png'),
(283, 'pause', 'pause.png'),
(284, 'pdf', 'pdf.png'),
(285, 'pendrive', 'pendrive.png'),
(286, 'percent-1', 'percent-1.png'),
(287, 'percent', 'percent.png'),
(288, 'perspective', 'perspective.png'),
(289, 'photo-camera-1', 'photo-camera-1.png'),
(290, 'photo-camera', 'photo-camera.png'),
(291, 'photos', 'photos.png'),
(292, 'picture-1', 'picture-1.png'),
(293, 'picture-2', 'picture-2.png'),
(294, 'picture', 'picture.png'),
(295, 'pin', 'pin.png'),
(296, 'placeholder-1', 'placeholder-1.png'),
(297, 'placeholder-2', 'placeholder-2.png'),
(298, 'placeholder-3', 'placeholder-3.png'),
(299, 'placeholder', 'placeholder.png'),
(300, 'placeholders', 'placeholders.png'),
(301, 'play-button-1', 'play-button-1.png'),
(302, 'play-button', 'play-button.png'),
(303, 'plus', 'plus.png'),
(304, 'power', 'power.png'),
(305, 'previous', 'previous.png'),
(306, 'price-tag', 'price-tag.png'),
(307, 'print', 'print.png'),
(308, 'professor', 'professor.png'),
(309, 'projector', 'projector.png'),
(310, 'push-pin', 'push-pin.png'),
(311, 'question-1', 'question-1.png'),
(312, 'question', 'question.png'),
(313, 'questions', 'questions.png'),
(314, 'radar', 'radar.png'),
(315, 'reading', 'reading.png'),
(316, 'record', 'record.png'),
(317, 'repeat-1', 'repeat-1.png'),
(318, 'repeat', 'repeat.png'),
(319, 'restart', 'restart.png'),
(320, 'resume', 'resume.png'),
(321, 'rewind-1', 'rewind-1.png'),
(322, 'rewind', 'rewind.png'),
(323, 'route', 'route.png'),
(324, 'save', 'save.png'),
(325, 'science-book', 'science-book.png'),
(326, 'search-1', 'search-1.png'),
(327, 'search-engine', 'search-engine.png'),
(328, 'search', 'search.png'),
(329, 'send', 'send.png'),
(330, 'server-1', 'server-1.png'),
(331, 'server-2', 'server-2.png'),
(332, 'server-3', 'server-3.png'),
(333, 'server', 'server.png'),
(334, 'settings-1', 'settings-1.png'),
(335, 'settings-10', 'settings-10.png'),
(336, 'settings-2', 'settings-2.png'),
(337, 'settings-3', 'settings-3.png'),
(338, 'settings-4', 'settings-4.png'),
(339, 'settings-5', 'settings-5.png'),
(340, 'settings-6', 'settings-6.png'),
(341, 'settings-7', 'settings-7.png'),
(342, 'settings-8', 'settings-8.png'),
(343, 'settings-9', 'settings-9.png'),
(344, 'settings', 'settings.png'),
(345, 'share-1', 'share-1.png'),
(346, 'share-2', 'share-2.png'),
(347, 'share', 'share.png'),
(348, 'shopping-cart', 'shopping-cart.png'),
(349, 'shuffle-1', 'shuffle-1.png'),
(350, 'shuffle', 'shuffle.png'),
(351, 'shutdown', 'shutdown.png'),
(352, 'sign-1', 'sign-1.png'),
(353, 'sign', 'sign.png'),
(354, 'skip', 'skip.png'),
(355, 'smartphone-1', 'smartphone-1.png'),
(356, 'smartphone-10', 'smartphone-10.png'),
(357, 'smartphone-11', 'smartphone-11.png'),
(358, 'smartphone-2', 'smartphone-2.png'),
(359, 'smartphone-3', 'smartphone-3.png'),
(360, 'smartphone-4', 'smartphone-4.png'),
(361, 'smartphone-5', 'smartphone-5.png'),
(362, 'smartphone-6', 'smartphone-6.png'),
(363, 'smartphone-7', 'smartphone-7.png'),
(364, 'smartphone-8', 'smartphone-8.png'),
(365, 'smartphone-9', 'smartphone-9.png'),
(366, 'smartphone', 'smartphone.png'),
(367, 'speaker-1', 'speaker-1.png'),
(368, 'speaker-2', 'speaker-2.png'),
(369, 'speaker-3', 'speaker-3.png'),
(370, 'speaker-4', 'speaker-4.png'),
(371, 'speaker-5', 'speaker-5.png'),
(372, 'speaker-6', 'speaker-6.png'),
(373, 'speaker-7', 'speaker-7.png'),
(374, 'speaker-8', 'speaker-8.png'),
(375, 'speaker-sga', 'speaker-sga.png'),
(376, 'speaker', 'speaker.png'),
(377, 'speech-bubble-2', 'speech-bubble-2.png'),
(378, 'speech-bubble', 'speech-bubble.png'),
(379, 'spotlight', 'spotlight.png'),
(380, 'star-1', 'star-1.png'),
(381, 'star', 'star.png'),
(382, 'statistics', 'statistics.png'),
(383, 'stop-1', 'stop-1.png'),
(384, 'stop', 'stop.png'),
(385, 'stopwatch-1', 'stopwatch-1.png'),
(386, 'stopwatch-2', 'stopwatch-2.png'),
(387, 'stopwatch-3', 'stopwatch-3.png'),
(388, 'stopwatch-4', 'stopwatch-4.png'),
(389, 'stopwatch', 'stopwatch.png'),
(390, 'street-1', 'street-1.png'),
(391, 'street', 'street.png'),
(392, 'student-1', 'student-1.png'),
(393, 'student-2', 'student-2.png'),
(394, 'student-3', 'student-3.png'),
(395, 'student', 'student.png'),
(396, 'substract-1', 'substract-1.png'),
(397, 'substract', 'substract.png'),
(398, 'success', 'success.png'),
(399, 'switch-1', 'switch-1.png'),
(400, 'switch-2', 'switch-2.png'),
(401, 'switch-3', 'switch-3.png'),
(402, 'switch-4', 'switch-4.png'),
(403, 'switch-5', 'switch-5.png'),
(404, 'switch-6', 'switch-6.png'),
(405, 'switch-7', 'switch-7.png'),
(406, 'switch', 'switch.png'),
(407, 'tablet', 'tablet.png'),
(408, 'tabs-1', 'tabs-1.png'),
(409, 'tabs', 'tabs.png'),
(410, 'target', 'target.png'),
(411, 'television-1', 'television-1.png'),
(412, 'television', 'television.png'),
(413, 'test-1', 'test-1.png'),
(414, 'test-2', 'test-2.png'),
(415, 'test-3', 'test-3.png'),
(416, 'test', 'test.png'),
(417, 'time', 'time.png'),
(418, 'touchscreen', 'touchscreen.png'),
(419, 'translator', 'translator.png'),
(420, 'trash', 'trash.png'),
(421, 'tutorial', 'tutorial.png'),
(422, 'txt', 'txt.png'),
(423, 'umbrella', 'umbrella.png'),
(424, 'university-1', 'university-1.png'),
(425, 'university', 'university.png'),
(426, 'unlink', 'unlink.png'),
(427, 'unlocked-1', 'unlocked-1.png'),
(428, 'unlocked-2', 'unlocked-2.png'),
(429, 'unlocked', 'unlocked.png'),
(430, 'upload', 'upload.png'),
(431, 'user-1', 'user-1.png'),
(432, 'user-2', 'user-2.png'),
(433, 'user-3', 'user-3.png'),
(434, 'user-4', 'user-4.png'),
(435, 'user-5', 'user-5.png'),
(436, 'user-6', 'user-6.png'),
(437, 'user-7', 'user-7.png'),
(438, 'user', 'user.png'),
(439, 'users-1', 'users-1.png'),
(440, 'users', 'users.png'),
(441, 'verification', 'verification.png'),
(442, 'video-call', 'video-call.png'),
(443, 'video-camera-1', 'video-camera-1.png'),
(444, 'video-camera', 'video-camera.png'),
(445, 'video-player-1', 'video-player-1.png'),
(446, 'video-player-2', 'video-player-2.png'),
(447, 'video-player', 'video-player.png'),
(448, 'view-1', 'view-1.png'),
(449, 'view-2', 'view-2.png'),
(450, 'view-line', 'view-line.png'),
(451, 'view', 'view.png'),
(452, 'volume-control-1', 'volume-control-1.png'),
(453, 'volume-control', 'volume-control.png'),
(454, 'warning', 'warning.png'),
(455, 'wifi-1', 'wifi-1.png'),
(456, 'wifi', 'wifi.png'),
(457, 'windows-1', 'windows-1.png'),
(458, 'windows-2', 'windows-2.png'),
(459, 'windows-3', 'windows-3.png'),
(460, 'windows-4', 'windows-4.png'),
(461, 'windows', 'windows.png'),
(462, 'wireless-internet', 'wireless-internet.png'),
(463, 'worldwide-1', 'worldwide-1.png'),
(464, 'worldwide', 'worldwide.png'),
(465, 'zoom-in', 'zoom-in.png'),
(466, 'zoom-out', 'zoom-out.png');
CREATE TABLE IF NOT EXISTS `inscripcion` (
  `id_inscripcion` int(11) NOT NULL AUTO_INCREMENT,
  `id_asignacion` int(10) NOT NULL,
  `id_estudiante` varchar(12) COLLATE utf8_bin NOT NULL,
  `fecha_inscripcion` date NOT NULL,
  `estado_inscripcion` enum('Aprobado','No aprobado','En curso','Retirado') COLLATE utf8_bin NOT NULL,
  PRIMARY KEY (`id_inscripcion`),
  UNIQUE KEY `id_asignacion` (`id_asignacion`,`id_estudiante`),
  KEY `id_estudiante` (`id_estudiante`),
  KEY `id_curso` (`id_asignacion`),
  KEY `id_estudiante_2` (`id_estudiante`)
) ENGINE=InnoDB DEFAULT CHARSET=utf8 COLLATE=utf8_bin AUTO_INCREMENT=1 ;
CREATE TABLE IF NOT EXISTS `materia` (
  `id_materia` int(10) NOT NULL AUTO_INCREMENT,
  `nombre_materia` varchar(255) COLLATE utf8_bin NOT NULL,
  `obligatoria` varchar(2) COLLATE utf8_bin NOT NULL DEFAULT 'NO',
  `area` int(11) NOT NULL,
  `icono_materia` varchar(255) COLLATE utf8_bin NOT NULL,
  PRIMARY KEY (`id_materia`),
  KEY `area` (`area`)
) ENGINE=InnoDB  DEFAULT CHARSET=utf8 COLLATE=utf8_bin AUTO_INCREMENT=299 ;
INSERT INTO `materia` (`id_materia`, `nombre_materia`, `obligatoria`, `area`, `icono_materia`) VALUES
(1, 'CIENCIAS NATURALES', 'SI', 5, 'microscope'),
(2, 'CIENCIAS SOCIALES', 'SI', 2, 'earth-globe-1'),
(3, 'EDUCACIÓN ARTÍSTICA', 'SI', 3, 'school-material'),
(4, 'EDUCACIÓN ÉTICA Y VALORES', 'SI', 4, 'diploma-2'),
(5, 'EDUCACIÓN FISICA', 'SI', 5, 'basketball'),
(6, 'EDUCACIÓN RELIGIOSA', 'SI', 6, 'open-book'),
(7, 'LENGUA CASTELLANA', 'SI', 7, 'bookshelf'),
(8, 'INGLES', 'SI', 7, 'books'),
(9, 'MATEMÁTICAS', 'SI', 8, 'calculator-1'),
(10, 'TECNOLOGÍA E INFORMÁTICA', 'SI', 9, 'computer');
CREATE TABLE IF NOT EXISTS `mensaje` (
  `id_mensaje` int(11) NOT NULL AUTO_INCREMENT,
  `usuario` varchar(12) COLLATE utf8_bin NOT NULL,
  `mensaje` text COLLATE utf8_bin NOT NULL,
  `fecha` timestamp NOT NULL DEFAULT CURRENT_TIMESTAMP,
  `leido` varchar(2) COLLATE utf8_bin NOT NULL DEFAULT 'NO',
  `remite` varchar(12) COLLATE utf8_bin NOT NULL,
  `estado_usuario` varchar(255) COLLATE utf8_bin NOT NULL,
  `estado_remite` varchar(255) COLLATE utf8_bin NOT NULL,
  `favorito` varchar(2) COLLATE utf8_bin NOT NULL,
  PRIMARY KEY (`id_mensaje`),
  KEY `usuario` (`usuario`),
  KEY `remite` (`remite`),
  KEY `usuario_2` (`usuario`)
) ENGINE=InnoDB DEFAULT CHARSET=utf8 COLLATE=utf8_bin AUTO_INCREMENT=1 ;
CREATE TABLE IF NOT EXISTS `periodo` (
  `id_periodo` int(11) NOT NULL AUTO_INCREMENT,
  `nombre_periodo` varchar(255) COLLATE utf8_bin NOT NULL,
  PRIMARY KEY (`id_periodo`),
  UNIQUE KEY `nombre_periodo` (`nombre_periodo`)
) ENGINE=InnoDB DEFAULT CHARSET=utf8 COLLATE=utf8_bin AUTO_INCREMENT=1 ;
CREATE TABLE IF NOT EXISTS `preguntas_cuestionario` (
  `id_preguntas_cuestionario` int(11) NOT NULL AUTO_INCREMENT,
  `id_cuestionario` int(11) NOT NULL,
  `pregunta` varchar(255) COLLATE utf8_bin NOT NULL,
  `tipo_pregunta` varchar(255) COLLATE utf8_bin NOT NULL,
  `opciones` text COLLATE utf8_bin NOT NULL,
  `correctas` text COLLATE utf8_bin NOT NULL,
  PRIMARY KEY (`id_preguntas_cuestionario`),
  KEY `id_encuesta` (`id_cuestionario`),
  KEY `tipo_pregunta` (`tipo_pregunta`)
) ENGINE=InnoDB DEFAULT CHARSET=utf8 COLLATE=utf8_bin AUTO_INCREMENT=1 ;
CREATE TABLE IF NOT EXISTS `red` (
  `id_red` int(11) NOT NULL AUTO_INCREMENT,
  `titulo_red` varchar(255) COLLATE utf8_bin NOT NULL,
  `idioma_red` varchar(120) COLLATE utf8_bin NOT NULL,
  `contexto` varchar(255) COLLATE utf8_bin NOT NULL DEFAULT 'Primaria',
  `descripcion` varchar(120) COLLATE utf8_bin NOT NULL,
  `palabras_clave` text COLLATE utf8_bin NOT NULL,
  `nivel_eductivo` text COLLATE utf8_bin NOT NULL,
  `autor` varchar(255) COLLATE utf8_bin NOT NULL,
  `responsable` int(12) NOT NULL,
  `formato` varchar(10) COLLATE utf8_bin NOT NULL,
  `tipo_interacción` varchar(255) COLLATE utf8_bin NOT NULL,
  `tipo_recurso_educativo` text COLLATE utf8_bin NOT NULL,
  `dificultad` int(1) NOT NULL,
  `fecha` date NOT NULL,
  `estrellas` text COLLATE utf8_bin NOT NULL,
  `enlace` varchar(255) COLLATE utf8_bin NOT NULL COMMENT 'Hace referencia a la ubicación del objeto',
  `scorm` varchar(4) COLLATE utf8_bin NOT NULL,
  `adjunto` varchar(4) COLLATE utf8_bin NOT NULL,
  `icono_red` varchar(255) COLLATE utf8_bin NOT NULL,
  `materia_red` int(10) NOT NULL COMMENT 'FUente de clasificación por materia',
  `cantidad_estrellas` varchar(255) COLLATE utf8_bin NOT NULL DEFAULT '0',
  `visitas` bigint(20) NOT NULL,
  `version` varchar(255) COLLATE utf8_bin NOT NULL,
  `entidad_origen` varchar(255) COLLATE utf8_bin NOT NULL,
  `fecha_creacion` date NOT NULL,
  `tamano` varchar(255) COLLATE utf8_bin NOT NULL,
  `requerimientos` varchar(255) COLLATE utf8_bin NOT NULL COMMENT 'requerimientos técnicos',
  `costo` varchar(255) COLLATE utf8_bin NOT NULL COMMENT 'libre o comercial',
  `derechos_autor` varchar(255) COLLATE utf8_bin NOT NULL,
  PRIMARY KEY (`id_red`),
  KEY `materia_red` (`materia_red`)
) ENGINE=InnoDB DEFAULT CHARSET=utf8 COLLATE=utf8_bin AUTO_INCREMENT=1 ;
CREATE TABLE IF NOT EXISTS `respuesta` (
  `id` int(11) NOT NULL AUTO_INCREMENT,
  `id_actividad` int(11) DEFAULT '3',
  `pregunta` int(11) NOT NULL,
  `respuesta` text COLLATE utf8_bin NOT NULL,
  `fechayhora` datetime NOT NULL,
  `id_estudiante` varchar(12) COLLATE utf8_bin NOT NULL,
  PRIMARY KEY (`id`),
  KEY `pregunta` (`pregunta`),
  KEY `id_estudiante` (`id_estudiante`),
  KEY `id_actividad` (`id_actividad`)
) ENGINE=InnoDB DEFAULT CHARSET=utf8 COLLATE=utf8_bin AUTO_INCREMENT=1 ;
CREATE TABLE IF NOT EXISTS `seguimiento` (
  `id_seguimiento` int(11) NOT NULL AUTO_INCREMENT,
  `id_actividad` int(11) NOT NULL,
  `id_inscripcion` int(11) NOT NULL,
  `fechayhora_valoracion` datetime NOT NULL,
  `valoracion` varchar(255) COLLATE utf8_bin NOT NULL,
  `observacion` text COLLATE utf8_bin NOT NULL,
  PRIMARY KEY (`id_seguimiento`),
  UNIQUE KEY `id_actividad_2` (`id_actividad`,`id_inscripcion`),
  KEY `id_actividad` (`id_actividad`),
  KEY `id_inscripcion` (`id_inscripcion`)
) ENGINE=InnoDB DEFAULT CHARSET=utf8 COLLATE=utf8_bin AUTO_INCREMENT=1 ;
CREATE TABLE IF NOT EXISTS `seguimiento_categoria_ano` (
  `id_seguimiento_categoria_ano` int(11) NOT NULL AUTO_INCREMENT,
  `categoria` int(11) NOT NULL,
  `ano_lectivo` int(11) NOT NULL,
  `id_estudiante` varchar(12) COLLATE utf8_bin NOT NULL,
  `estado` enum('Aprobado','No aprobado','En curso','Retirado') COLLATE utf8_bin NOT NULL,
  PRIMARY KEY (`id_seguimiento_categoria_ano`),
  KEY `categoria` (`categoria`),
  KEY `ano_lectivo` (`ano_lectivo`),
  KEY `id_estudiante` (`id_estudiante`)
) ENGINE=InnoDB DEFAULT CHARSET=utf8 COLLATE=utf8_bin AUTO_INCREMENT=1 ;
CREATE TABLE IF NOT EXISTS `tarea_adjunto` (
  `id_tarea_adjunto` int(11) NOT NULL AUTO_INCREMENT,
  `id_actividad` int(11) NOT NULL,
  `id_estudiante` varchar(12) COLLATE utf8_bin NOT NULL,
  `fechayhora_adjunto` datetime NOT NULL,
  `observacion` text COLLATE utf8_bin NOT NULL,
  `adjunto` varchar(255) COLLATE utf8_bin NOT NULL,
  PRIMARY KEY (`id_tarea_adjunto`),
  UNIQUE KEY `id_actividad_2` (`id_actividad`,`id_estudiante`),
  UNIQUE KEY `id_actividad_3` (`id_actividad`,`id_estudiante`),
  KEY `id_actividad` (`id_actividad`),
  KEY `id_inscripcion` (`id_estudiante`)
) ENGINE=InnoDB DEFAULT CHARSET=utf8 COLLATE=utf8_bin AUTO_INCREMENT=1 ;
CREATE TABLE IF NOT EXISTS `tipo_pregunta` (
  `id` varchar(255) COLLATE utf8_bin NOT NULL,
  `nombre` varchar(255) COLLATE utf8_bin NOT NULL,
  `categorias` varchar(255) COLLATE utf8_bin NOT NULL,
  PRIMARY KEY (`id`),
  KEY `categorias` (`categorias`)
) ENGINE=InnoDB DEFAULT CHARSET=utf8 COLLATE=utf8_bin;
INSERT INTO `tipo_pregunta` (`id`, `nombre`, `categorias`) VALUES
('checkbox', 'Casilla de Verificación', 'Respuesta Múltiple'),
('input', 'Respuesta breve', 'Respuesta Única'),
('radio', 'Opción Múltiple', 'Respuesta Única'),
('select', 'Lista desplegable', 'Respuesta Única'),
('textarea', 'Respuesta extensa', 'Respuesta Única');
CREATE TABLE IF NOT EXISTS `usuario` (
  `id_usuario` varchar(12) COLLATE utf8_bin NOT NULL,
  `usuario` varchar(255) COLLATE utf8_bin NOT NULL,
  `clave` varchar(255) COLLATE utf8_bin NOT NULL DEFAULT '6139bdc23a06bc12f1fa866f5297385bbda6354e',
  `mascota` enum('SI','NO') COLLATE utf8_bin NOT NULL DEFAULT 'NO',
  `nombre` varchar(255) COLLATE utf8_bin NOT NULL,
  `apellido` varchar(255) COLLATE utf8_bin NOT NULL,
  `rol` varchar(255) COLLATE utf8_bin NOT NULL DEFAULT 'estudiante',
  `foto` varchar(255) COLLATE utf8_bin NOT NULL DEFAULT 'user-icon.png',
  `direccion` varchar(255) COLLATE utf8_bin NOT NULL,
  `telefono` varchar(25) COLLATE utf8_bin NOT NULL,
  `correo` varchar(255) COLLATE utf8_bin NOT NULL,
  `ultima_sesion` datetime NOT NULL,
  `num_visitas` int(11) NOT NULL,
  `puntos` int(11) NOT NULL COMMENT 'Son los puntos que un usuario acumula',
  `estado` varchar(255) COLLATE utf8_bin NOT NULL DEFAULT 'activo',
  `tipo_sangre` varchar(255) COLLATE utf8_bin NOT NULL,
  PRIMARY KEY (`id_usuario`),
  UNIQUE KEY `usuario` (`usuario`)
) ENGINE=InnoDB DEFAULT CHARSET=utf8 COLLATE=utf8_bin;
ALTER TABLE `actividad`
  ADD CONSTRAINT `actividad_ibfk_1` FOREIGN KEY (`id_asignacion`) REFERENCES `asignacion_academica` (`id_asignacion`) ON UPDATE CASCADE,
  ADD CONSTRAINT `actividad_ibfk_2` FOREIGN KEY (`id_red`) REFERENCES `red` (`id_red`) ON UPDATE CASCADE,
  ADD CONSTRAINT `actividad_ibfk_3` FOREIGN KEY (`id_cuestionario`) REFERENCES `cuestionario` (`id`) ON UPDATE CASCADE;
ALTER TABLE `acudiente_estudiante`
  ADD CONSTRAINT `acudiente_estudiante_ibfk_2` FOREIGN KEY (`id_estudiante`) REFERENCES `usuario` (`id_usuario`) ON UPDATE CASCADE,
  ADD CONSTRAINT `acudiente_estudiante_ibfk_3` FOREIGN KEY (`id_acudiente`) REFERENCES `usuario` (`id_usuario`) ON UPDATE CASCADE;
ALTER TABLE `asignacion_academica`
  ADD CONSTRAINT `asignacion_academica_ibfk_1` FOREIGN KEY (`id_docente`) REFERENCES `usuario` (`id_usuario`) ON UPDATE CASCADE,
  ADD CONSTRAINT `asignacion_academica_ibfk_2` FOREIGN KEY (`id_materia`) REFERENCES `materia` (`id_materia`) ON UPDATE CASCADE,
  ADD CONSTRAINT `asignacion_academica_ibfk_3` FOREIGN KEY (`id_categoria_curso`) REFERENCES `categoria_curso` (`id_categoria_curso`) ON UPDATE CASCADE,
  ADD CONSTRAINT `asignacion_academica_ibfk_4` FOREIGN KEY (`ano_lectivo`) REFERENCES `ano_lectivo` (`id_ano_lectivo`) ON UPDATE CASCADE;
ALTER TABLE `comentario`
  ADD CONSTRAINT `comentario_ibfk_1` FOREIGN KEY (`usuario`) REFERENCES `usuario` (`id_usuario`) ON DELETE CASCADE ON UPDATE CASCADE,
  ADD CONSTRAINT `comentario_ibfk_2` FOREIGN KEY (`id_entrada`) REFERENCES `entrada` (`id`) ON DELETE CASCADE ON UPDATE CASCADE;
ALTER TABLE `cuestionario`
  ADD CONSTRAINT `cuestionario_ibfk_2` FOREIGN KEY (`usuario`) REFERENCES `usuario` (`id_usuario`) ON DELETE CASCADE ON UPDATE CASCADE;
ALTER TABLE `entrada`
  ADD CONSTRAINT `entrada_ibfk_2` FOREIGN KEY (`usuario`) REFERENCES `usuario` (`id_usuario`) ON DELETE CASCADE ON UPDATE CASCADE,
  ADD CONSTRAINT `entrada_ibfk_3` FOREIGN KEY (`grupo`) REFERENCES `grupo_foro` (`id_grupo_foro`) ON DELETE CASCADE ON UPDATE CASCADE;
ALTER TABLE `eventos`
  ADD CONSTRAINT `eventos_ibfk_1` FOREIGN KEY (`id_usuario`) REFERENCES `usuario` (`id_usuario`) ON DELETE CASCADE ON UPDATE CASCADE,
  ADD CONSTRAINT `eventos_ibfk_2` FOREIGN KEY (`id_usuario`) REFERENCES `usuario` (`id_usuario`),
  ADD CONSTRAINT `eventos_ibfk_3` FOREIGN KEY (`id_usuario`) REFERENCES `usuario` (`id_usuario`);
ALTER TABLE `inscripcion`
  ADD CONSTRAINT `inscripcion_ibfk_2` FOREIGN KEY (`id_asignacion`) REFERENCES `asignacion_academica` (`id_asignacion`) ON DELETE CASCADE ON UPDATE CASCADE,
  ADD CONSTRAINT `inscripcion_ibfk_3` FOREIGN KEY (`id_estudiante`) REFERENCES `usuario` (`id_usuario`) ON UPDATE CASCADE;
ALTER TABLE `materia`
  ADD CONSTRAINT `materia_ibfk_1` FOREIGN KEY (`area`) REFERENCES `area` (`id_area`) ON UPDATE CASCADE,
  ADD CONSTRAINT `materia_ibfk_2` FOREIGN KEY (`area`) REFERENCES `area` (`id_area`);
ALTER TABLE `mensaje`
  ADD CONSTRAINT `mensaje_ibfk_1` FOREIGN KEY (`usuario`) REFERENCES `usuario` (`id_usuario`) ON DELETE CASCADE ON UPDATE CASCADE,
  ADD CONSTRAINT `mensaje_ibfk_2` FOREIGN KEY (`remite`) REFERENCES `usuario` (`id_usuario`) ON DELETE CASCADE ON UPDATE CASCADE;
ALTER TABLE `preguntas_cuestionario`
  ADD CONSTRAINT `preguntas_cuestionario_ibfk_2` FOREIGN KEY (`tipo_pregunta`) REFERENCES `tipo_pregunta` (`id`) ON UPDATE CASCADE,
  ADD CONSTRAINT `preguntas_cuestionario_ibfk_3` FOREIGN KEY (`id_cuestionario`) REFERENCES `cuestionario` (`id`) ON UPDATE CASCADE;
ALTER TABLE `red`
  ADD CONSTRAINT `red_ibfk_1` FOREIGN KEY (`materia_red`) REFERENCES `materia` (`id_materia`) ON UPDATE CASCADE;
ALTER TABLE `respuesta`
  ADD CONSTRAINT `respuesta_ibfk_1` FOREIGN KEY (`pregunta`) REFERENCES `cuestionario` (`id`) ON DELETE CASCADE ON UPDATE CASCADE,
  ADD CONSTRAINT `respuesta_ibfk_4` FOREIGN KEY (`id_estudiante`) REFERENCES `usuario` (`id_usuario`) ON UPDATE CASCADE,
  ADD CONSTRAINT `respuesta_ibfk_5` FOREIGN KEY (`id_actividad`) REFERENCES `actividad` (`id_actividad`) ON UPDATE CASCADE;
ALTER TABLE `seguimiento`
  ADD CONSTRAINT `seguimiento_ibfk_2` FOREIGN KEY (`id_inscripcion`) REFERENCES `inscripcion` (`id_inscripcion`) ON DELETE CASCADE,
  ADD CONSTRAINT `seguimiento_ibfk_3` FOREIGN KEY (`id_actividad`) REFERENCES `actividad` (`id_actividad`) ON UPDATE CASCADE;
ALTER TABLE `seguimiento_categoria_ano`
  ADD CONSTRAINT `seguimiento_categoria_ano_ibfk_1` FOREIGN KEY (`categoria`) REFERENCES `categoria_curso` (`id_categoria_curso`) ON UPDATE CASCADE,
  ADD CONSTRAINT `seguimiento_categoria_ano_ibfk_2` FOREIGN KEY (`ano_lectivo`) REFERENCES `ano_lectivo` (`id_ano_lectivo`) ON UPDATE CASCADE,
  ADD CONSTRAINT `seguimiento_categoria_ano_ibfk_3` FOREIGN KEY (`id_estudiante`) REFERENCES `usuario` (`id_usuario`) ON UPDATE CASCADE;
ALTER TABLE `tarea_adjunto`
  ADD CONSTRAINT `tarea_adjunto_ibfk_3` FOREIGN KEY (`id_estudiante`) REFERENCES `usuario` (`id_usuario`) ON UPDATE CASCADE,
  ADD CONSTRAINT `tarea_adjunto_ibfk_4` FOREIGN KEY (`id_actividad`) REFERENCES `actividad` (`id_actividad`) ON UPDATE CASCADE;